id=12345,name=はるのたろう,gender=men,hobbies=34,mobilephone=3,food=234
id=12345,name=はるのたろう,gender=men,hobbies=34,mobilephone=3,food=234
id=12345,name=はるのたろう,gender=men,hobbies=34,mobilephone=3,food=234
id=12345,name=はるのたろう,gender=men,hobbies=34,mobilephone=3,food=234
id=12345,name=はるのたろう,gender=women,hobbies=34,mobilephone=3,food=234
id=12345,name=はるのたろう,gender=men,hobbies=34,mobilephone=3,food=234
id=12345,name=はるのたろう,gender=men,hobbies=12345,mobilephone=3,food=234
id=12345,name=はるのたろう,gender=men,hobbies=12345,mobilephone=5,food=234
id=12345,name=はるのたろう,gender=men,hobbies=12345,mobilephone=1,food=1
id=12345,name=はるのたろう,gender=men,hobbies=34,mobilephone=3,food=234
id=1234511111,name=はるのたろう,gender=men,hobbies=34,mobilephone=3,food=2345


id=12345,name=はるのたろう,gender=men,hobbies=34,mobilephone=3,food=234
id=12345,name=はるのたろう,gender=men,hobbies=34,mobilephone=3,food=234
